title,description,short_description,category,stock,prices,regular_price,sales_prices,weight,length,width,height,sku,picture,tags,tax_status,tax_class
Dirt Lift Action Purex Plus Oxi and Zout Stain Removers 1.77L,,,Home & Lifestyle->Home Supplies->Laundry,,7.47,,,,,,,HLHSL001,HLHSL001.JPG,,taxable,standard-rate
Triple Action Purex Baby Soft 1.47L ,,,Home & Lifestyle->Home Supplies->Laundry,,7.47,,,,,,,HLHSL002,HLHSL002.JPG,,taxable,standard-rate
Triple Action Purex Cold Water 1.89L ,,,Home & Lifestyle->Home Supplies->Laundry,,7.47,,,,,,,HLHSL003,HLHSL003.JPG,,taxable,standard-rate
Triple Action Purex after the Rain 1.89L,,,Home & Lifestyle->Home Supplies->Laundry,,7.47,,,,,,,HLHSL004,HLHSL004.JPG,,taxable,standard-rate
Dirt LIFT ACITON Purex after the Rain 1.89L,,,Home & Lifestyle->Home Supplies->Laundry,,7.47,,,,,,,HLHSL005,HLHSL005.JPG,,taxable,standard-rate
Triple Action Purex Natural Element 2.95L ,,,Home & Lifestyle->Home Supplies->Laundry,,10.49,,,,,,,HLHSL006,HLHSL006.JPG,,taxable,standard-rate
Purex 2xUltra Concentrate 2.95L,,,Home & Lifestyle->Home Supplies->Laundry,,10.49,,,,,,,HLHSL007,HLHSL007.JPG,,taxable,standard-rate
Dirt Lift Action Purex Plus Oxi and Zout Free and Clear 2.95L,,,Home & Lifestyle->Home Supplies->Laundry,,10.49,,,,,,,HLHSL008,HLHSL008.JPG,,taxable,standard-rate
Dirt Lift Action Purex Plus Oxi and Zout Fresh Morning Burst 2.95L,,,Home & Lifestyle->Home Supplies->Laundry,,10.49,,,,,,,HLHSL009,HLHSL009.JPG,,taxable,standard-rate
Dirt Lift Action Purex Coldwater 2.95L,,,Home & Lifestyle->Home Supplies->Laundry,,10.49,,,,,,,HLHSL010,HLHSL010.JPG,,taxable,standard-rate
Purex 2xUltra Concentrate Cold Water 2.95L,,,Home & Lifestyle->Home Supplies->Laundry,,10.49,,,,,,,HLHSL011,HLHSL011.JPG,,taxable,standard-rate
Triple Action Purex Cold Water 4.43L ,,,Home & Lifestyle->Home Supplies->Laundry,,12.99,,,,,,,HLHSL012,HLHSL012.JPG,,taxable,standard-rate
Triple Action Purex after the Rain 4.43L ,,,Home & Lifestyle->Home Supplies->Laundry,,12.99,,,,,,,HLHSL013,HLHSL013.JPG,,taxable,standard-rate
Triple Action Purex after the Rain 2.95L ,,,Home & Lifestyle->Home Supplies->Laundry,,10.79,,,,,,,HLHSL014,HLHSL014.JPG,,taxable,standard-rate
Triple Action Purex Cold water 2.95L ,,,Home & Lifestyle->Home Supplies->Laundry,,10.79,,,,,,,HLHSL015,HLHSL015.JPG,,taxable,standard-rate
Triple Action Purex Ultrapacks after the Rain 23*18ml,,,Home & Lifestyle->Home Supplies->Laundry,,6.99,,,,,,,HLHSL016,HLHSL016.JPG,,taxable,standard-rate
Triple Action Purex Ultrapacks Free and Clear 23*18ml,,,Home & Lifestyle->Home Supplies->Laundry,,6.99,,,,,,,HLHSL017,HLHSL017.JPG,,taxable,standard-rate
Ivory Snow Liquid Specially Made for Baby Clothes 1.18L,,,Home & Lifestyle->Home Supplies->Laundry,,10.99,,,,,,,HLHSL018,HLHSL018.JPG,,taxable,standard-rate
Compliments Single Pack Laudry Detergent 24packs  480g,,,Home & Lifestyle->Home Supplies->Laundry,,6.49,,,,,,,HLHSL019,HLHSL019.JPG,,taxable,standard-rate
Compliments Single Pack Laudry Detergent 48packs  960g,,,Home & Lifestyle->Home Supplies->Laundry,,10.99,,,,,,,HLHSL020,HLHSL020.JPG,,taxable,standard-rate
Comp Green Care Liquid Laundry Detergent Forest Fresh 946ml,,,Home & Lifestyle->Home Supplies->Laundry,,7.99,,,,,,,HLHSL021,HLHSL021.JPG,,taxable,standard-rate
Compliments Spring Showers Liquid Laundry Detergent 1.89L,,,Home & Lifestyle->Home Supplies->Laundry,,5.29,,,,,,,HLHSL022,HLHSL022.JPG,,taxable,standard-rate
Compliments Spring Showers High Efficiency Liquid Laundry Detergent 1.89L,,,Home & Lifestyle->Home Supplies->Laundry,,5.29,,,,,,,HLHSL023,HLHSL023.JPG,,taxable,standard-rate
Compliments Spring Showers High Efficiency Liquid Laundry Detergent 2.95L,,,Home & Lifestyle->Home Supplies->Laundry,,6.99,,,,,,,HLHSL024,HLHSL024.JPG,,taxable,standard-rate
Compliments Spring Showers Liquid Laundry Detergent 2.95L,,,Home & Lifestyle->Home Supplies->Laundry,,6.99,,,,,,,HLHSL025,HLHSL025.JPG,,taxable,standard-rate
Green Works Laundry Detergent 1.33L ,,,Home & Lifestyle->Home Supplies->Laundry,,8.99,,,,,,,HLHSL026,HLHSL026.JPG,,taxable,standard-rate
Nature Clean Unscented 1.8L,,,Home & Lifestyle->Home Supplies->Laundry,,7.99,,,,,,,HLHSL027,HLHSL027.JPG,,taxable,standard-rate
Gain Icy Fresh Fizz with Oxi  Boost 1.47L,,,Home & Lifestyle->Home Supplies->Laundry,,6.99,,,,,,,HLHSL028,HLHSL028.JPG,,taxable,standard-rate
Gain Original Liquid detergent For High Efficiency Machine 1.47L,,,Home & Lifestyle->Home Supplies->Laundry,,6.99,,,,,,,HLHSL029,HLHSL029.JPG,,taxable,standard-rate
Gain Apple Mango Tango Liquid Detergent 1.47L,,,Home & Lifestyle->Home Supplies->Laundry,,6.99,,,,,,,HLHSL030,HLHSL030.JPG,,taxable,standard-rate
Gain Original Liquid detergent 1.47L,,,Home & Lifestyle->Home Supplies->Laundry,,6.99,,,,,,,HLHSL031,HLHSL031.JPG,,taxable,standard-rate
Gain Sunflower & Sunshine HE 1.47L,,,Home & Lifestyle->Home Supplies->Laundry,,6.99,,,,,,,HLHSL032,HLHSL032.JPG,,taxable,standard-rate
Gain Island Fresh Liquid Detergent 1.47,,,Home & Lifestyle->Home Supplies->Laundry,,6.99,,,,,,,HLHSL033,HLHSL033.JPG,,taxable,standard-rate
Gain Ocean Escape 1.47L,,,Home & Lifestyle->Home Supplies->Laundry,,6.99,,,,,,,HLHSL034,HLHSL034.JPG,,taxable,standard-rate
Triple Clean Sunlight Lemon Fresh  1.47L ,,,Home & Lifestyle->Home Supplies->Laundry,,8.79,,,,,,,HLHSL035,HLHSL035.JPG,,taxable,standard-rate
Sunlight Sensitive Skin 24Pacs 480g,,,Home & Lifestyle->Home Supplies->Laundry,,6.99,,,,,,,HLHSL036,HLHSL036.JPG,,taxable,standard-rate
Sunlight Spring Splash Laundry Detergent 24 Pacs 480g,,,Home & Lifestyle->Home Supplies->Laundry,,6.99,,,,,,,HLHSL037,HLHSL037.JPG,,taxable,standard-rate
Triple Clean Sunlight Morning Fresh  1.47L ,,,Home & Lifestyle->Home Supplies->Laundry,,8.79,,,,,,,HLHSL038,HLHSL038.JPG,,taxable,standard-rate
Sunlight Deep Clean Fresh Rain HE 1.47L,,,Home & Lifestyle->Home Supplies->Laundry,,8.79,,,,,,,HLHSL039,HLHSL039.JPG,,taxable,standard-rate
Sunlight Deep Clean Cold Water HE 1.47L,,,Home & Lifestyle->Home Supplies->Laundry,,8.79,,,,,,,HLHSL040,HLHSL040.JPG,,taxable,standard-rate
Cheer Fresh Clean Scent HE 1.47L,,,Home & Lifestyle->Home Supplies->Laundry,,7.99,,,,,,,HLHSL041,HLHSL041.JPG,,taxable,standard-rate
Tide Vivid White+ Bright Liquid Plus Bleach High Efficiency Original 1.47L,,,Home & Lifestyle->Home Supplies->Laundry,,9.99,,,,,,,HLHSL042,HLHSL042.JPG,,taxable,standard-rate
Tide Downy Plus Acti Lift Liquid Detergent April Fresh 1.47L,,,Home & Lifestyle->Home Supplies->Laundry,,9.99,,,,,,,HLHSL043,HLHSL043.JPG,,taxable,standard-rate
Tide  Acti Lift Original Scent Liquid Detergent 1.47L,,,Home & Lifestyle->Home Supplies->Laundry,,9.99,,,,,,,HLHSL044,HLHSL044.JPG,,taxable,standard-rate
Tide  Cold Water For High Efficiency Machine Fresh Scent 4.43L,,,Home & Lifestyle->Home Supplies->Laundry,,22.99,,,,,,,HLHSL045,HLHSL045.JPG,,taxable,standard-rate
Tide liquid Detergent for High Efficiency Machine Original Scent 4.43L,,,Home & Lifestyle->Home Supplies->Laundry,,22.99,,,,,,,HLHSL046,HLHSL046.JPG,,taxable,standard-rate
Tide Original Scent Liquid Detergent 2.95L,,,Home & Lifestyle->Home Supplies->Laundry,,16.99,,,,,,,HLHSL047,HLHSL047.JPG,,taxable,standard-rate
Tide liquid Detergent for High Efficiency Machine Original Scent 2.95L,,,Home & Lifestyle->Home Supplies->Laundry,,16.99,,,,,,,HLHSL048,HLHSL048.JPG,,taxable,standard-rate
Tide  Fresh Scent Cold Water for High Efficiency Machine Fresh Scent 1.47L,,,Home & Lifestyle->Home Supplies->Laundry,,9.99,,,,,,,HLHSL049,HLHSL049.JPG,,taxable,standard-rate
Tide  Fresh Scent Cold Water Fresh Scent 1.47L,,,Home & Lifestyle->Home Supplies->Laundry,,9.99,,,,,,,HLHSL050,HLHSL050.JPG,,taxable,standard-rate
Tide Pods Detergent Mytic Forest 347g,,,Home & Lifestyle->Home Supplies->Laundry,,5.29,,,,,,,HLHSL051,HLHSL051.JPG,,taxable,standard-rate
Tide Pods Detergent Spring Meadow 347g,,,Home & Lifestyle->Home Supplies->Laundry,,5.29,,,,,,,HLHSL052,HLHSL052.JPG,,taxable,standard-rate
Tide Pods Detergent Ocean Mist 347g,,,Home & Lifestyle->Home Supplies->Laundry,,5.29,,,,,,,HLHSL053,HLHSL053.JPG,,taxable,standard-rate
Tide Pods Detergent Mystic Forest 1.44kg,,,Home & Lifestyle->Home Supplies->Laundry,,18.99,,,,,,,HLHSL054,HLHSL054.JPG,,taxable,standard-rate
Tide Pods Detergent Spring Meadow 1.44kg,,,Home & Lifestyle->Home Supplies->Laundry,,18.99,,,,,,,HLHSL055,HLHSL055.JPG,,taxable,standard-rate
Tide Pods Detergent Ocean Mist 1.44kg,,,Home & Lifestyle->Home Supplies->Laundry,,18.99,,,,,,,HLHSL056,HLHSL056.JPG,,taxable,standard-rate
Tide Pods Detergent Mystic Forest 775g,,,Home & Lifestyle->Home Supplies->Laundry,,9.99,,,,,,,HLHSL057,HLHSL057.JPG,,taxable,standard-rate
Tide Pods Detergent Spring Meadow 775g,,,Home & Lifestyle->Home Supplies->Laundry,,9.99,,,,,,,HLHSL058,HLHSL058.JPG,,taxable,standard-rate
Tide Pods Detergent Ocean Mist 775g,,,Home & Lifestyle->Home Supplies->Laundry,,9.99,,,,,,,HLHSL059,HLHSL059.JPG,,taxable,standard-rate
Tide Febreze Sport Plus 1.47L,,,Home & Lifestyle->Home Supplies->Laundry,,9.99,,,,,,,HLHSL060,HLHSL060.JPG,,taxable,standard-rate
Tide Mountain Spring Liquid Detergent 1.47L,,,Home & Lifestyle->Home Supplies->Laundry,,9.99,,,,,,,HLHSL061,HLHSL061.JPG,,taxable,standard-rate
Tide Original Scent for High Efficiency Machine 1.47L,,,Home & Lifestyle->Home Supplies->Laundry,,9.99,,,,,,,HLHSL062,HLHSL062.JPG,,taxable,standard-rate
Tide Original Scent for High Efficiency Machine 1.6kg,,,Home & Lifestyle->Home Supplies->Laundry,,9.99,,,,,,,HLHSL063,HLHSL063.JPG,,taxable,standard-rate
Tide Free and Gentle  For High Efficiency Machine 1.47L,,,Home & Lifestyle->Home Supplies->Laundry,,9.99,,,,,,,HLHSL064,HLHSL064.JPG,,taxable,standard-rate
Tide Free and Gentle 1.47L,,,Home & Lifestyle->Home Supplies->Laundry,,9.99,,,,,,,HLHSL065,HLHSL065.JPG,,taxable,standard-rate
Tide Free and Gentle 2.95L,,,Home & Lifestyle->Home Supplies->Laundry,,17.42,,,,,,,HLHSL066,HLHSL066.JPG,,taxable,standard-rate
Tide Febreze Sport Plus For Hight Efficiency Machines Active Fresh 2.95L,,,Home & Lifestyle->Home Supplies->Laundry,,17.42,,,,,,,HLHSL067,HLHSL067.JPG,,taxable,standard-rate
Tide Ultra Coldwater Fresh Scent 1.63Kg,,,Home & Lifestyle->Home Supplies->Laundry,,9.99,,,,,,,HLHSL068,HLHSL068.JPG,,taxable,standard-rate
Tide Ultra Original 1.6Kg,,,Home & Lifestyle->Home Supplies->Laundry,,9.99,,,,,,,HLHSL069,HLHSL069.JPG,,taxable,standard-rate
Sunlight Ultra Lemon Fresh 2.27Kg,,,Home & Lifestyle->Home Supplies->Laundry,,8.49,,,,,,,HLHSL070,HLHSL070.JPG,,taxable,standard-rate
Signal Ultra Laundry Detergent Fresh Scent 1.56Kg,,,Home & Lifestyle->Home Supplies->Laundry,,4.99,,,,,,,HLHSL071,HLHSL071.JPG,,taxable,standard-rate
Tide Febreze Acti Lift Spring & Renewal 2.95L,,,Home & Lifestyle->Home Supplies->Laundry,,17.42,,,,,,,HLHSL072,HLHSL072.JPG,,taxable,standard-rate
Downy Infusions Sage Jasmine Fabric Softener 105Pk,,,Home & Lifestyle->Home Supplies->Laundry,,8.99,,,,,,,HLHSL073,HLHSL073.JPG,,taxable,standard-rate
Downy Ultra Free & Sensitive Fabric Softener 1.53L,,,Home & Lifestyle->Home Supplies->Laundry,,8.99,,,,,,,HLHSL074,HLHSL074.JPG,,taxable,standard-rate
Downy Ultra Infusions Sage Jasmine Fabric Softener 1.23L,,,Home & Lifestyle->Home Supplies->Laundry,,8.99,,,,,,,HLHSL075,HLHSL075.JPG,,taxable,standard-rate
Downy Ultra Infusions Citrus Spice Fabric Softener 1.23L,,,Home & Lifestyle->Home Supplies->Laundry,,8.99,,,,,,,HLHSL076,HLHSL076.JPG,,taxable,standard-rate
Downy Ultra Silk Touch April Fresh Fabric Softener 1.53L,,,Home & Lifestyle->Home Supplies->Laundry,,8.99,,,,,,,HLHSL077,HLHSL077.JPG,,taxable,standard-rate
Downy UN Stopables In-Wash Scent Booster Lush 375g,,,Home & Lifestyle->Home Supplies->Laundry,,8.99,,,,,,,HLHSL078,HLHSL078.JPG,,taxable,standard-rate
Downy UN Stopables In-Wash Scent Booster Fresh 375g,,,Home & Lifestyle->Home Supplies->Laundry,,8.99,,,,,,,HLHSL079,HLHSL079.JPG,,taxable,standard-rate
Downy UN Stopables In-Wash Scent Booster Shimmer 375g,,,Home & Lifestyle->Home Supplies->Laundry,,8.99,,,,,,,HLHSL080,HLHSL080.JPG,,taxable,standard-rate
Downy Ultra Silk Touch April Fresh Fabric Softener 2.68L,,,Home & Lifestyle->Home Supplies->Laundry,,10.99,,,,,,,HLHSL081,HLHSL081.JPG,,taxable,standard-rate
Bounce Fabric Softener Outdoor Fresh 80Pk,,,Home & Lifestyle->Home Supplies->Laundry,,6.99,,,,,,,HLHSL082,HLHSL082.JPG,,taxable,standard-rate
Bounce Fabric Softener 4 in 1 Fresh Linen 80Pk,,,Home & Lifestyle->Home Supplies->Laundry,,6.99,,,,,,,HLHSL083,HLHSL083.JPG,,taxable,standard-rate
Bounce Fabric Softener Outdoor Fresh 120Pk,,,Home & Lifestyle->Home Supplies->Laundry,,8.99,,,,,,,HLHSL084,HLHSL084.JPG,,taxable,standard-rate
Bounce Fabric Softener Free & Sensitive 120Pk,,,Home & Lifestyle->Home Supplies->Laundry,,8.99,,,,,,,HLHSL085,HLHSL085.JPG,,taxable,standard-rate
Gain Fabric Softener Original 120Pk,,,Home & Lifestyle->Home Supplies->Laundry,,7.49,,,,,,,HLHSL086,HLHSL086.JPG,,taxable,standard-rate
Gain Fabric Softener Apple Mango Tango 105Pk,,,Home & Lifestyle->Home Supplies->Laundry,,7.49,,,,,,,HLHSL087,HLHSL087.JPG,,taxable,standard-rate
Gain Fabric Softener Apple Mango Tango 1.23L,,,Home & Lifestyle->Home Supplies->Laundry,,7.99,,,,,,,HLHSL088,HLHSL088.JPG,,taxable,standard-rate
Gain Fabric Softener Original 1.53L,,,Home & Lifestyle->Home Supplies->Laundry,,7.99,,,,,,,HLHSL089,HLHSL089.JPG,,taxable,standard-rate
Fleecy Fabric Softener Aroma Therapy 80Pk,,,Home & Lifestyle->Home Supplies->Laundry,,6.49,,,,,,,HLHSL090,HLHSL090.JPG,,taxable,standard-rate
Fleecy Fabric Softener Fresh Air 80Pk,,,Home & Lifestyle->Home Supplies->Laundry,,6.49,,,,,,,HLHSL091,HLHSL091.JPG,,taxable,standard-rate
Fleecy Fabric Softener Aroma Therapy Relax  HE1.6L,,,Home & Lifestyle->Home Supplies->Laundry,,6.49,,,,,,,HLHSL092,HLHSL092.JPG,,taxable,standard-rate
Fleecy Fabric Softener Aroma Therapy Calm HE1.6L,,,Home & Lifestyle->Home Supplies->Laundry,,6.49,,,,,,,HLHSL093,HLHSL093.JPG,,taxable,standard-rate
Fleecy Fabric Softener Fresh Air HE 4.4L,,,Home & Lifestyle->Home Supplies->Laundry,,12.49,,,,,,,HLHSL094,HLHSL094.JPG,,taxable,standard-rate
Fleecy Fabric Softener Fresh Air HE 1.6L,,,Home & Lifestyle->Home Supplies->Laundry,,6.49,,,,,,,HLHSL095,HLHSL095.JPG,,taxable,standard-rate
Shout Triple Acting Laundry Stain Remover 650ml,,,Home & Lifestyle->Home Supplies->Laundry,,3.79,,,,,,,HLHSL096,HLHSL096.JPG,,taxable,standard-rate
Comp Laundry Stain Remover 650ml,,,Home & Lifestyle->Home Supplies->Laundry,,2.99,,,,,,,HLHSL097,HLHSL097.JPG,,taxable,standard-rate
Resolve Bright & White Original In-Wash Stain Remover 1.3L,,,Home & Lifestyle->Home Supplies->Laundry,,6.49,,,,,,,HLHSL098,HLHSL098.JPG,,taxable,standard-rate
Resolve Laundry Stain Remover Spray and Wash 946ml,,,Home & Lifestyle->Home Supplies->Laundry,,3.79,,,,,,,HLHSL099,HLHSL099.JPG,,taxable,standard-rate
Resolve Laundry Stain Remover Spray and Wash 650ml,,,Home & Lifestyle->Home Supplies->Laundry,,3.79,,,,,,,HLHSL100,HLHSL100.JPG,,taxable,standard-rate
Resolve Oxi-Action Power Spray and Wash Laundry Stain Remover 650ml,,,Home & Lifestyle->Home Supplies->Laundry,,6.99,,,,,,,HLHSL101,HLHSL101.JPG,,taxable,standard-rate
Resolve Oxi-Action Spray and Wash Laundry Stain Remover 650ml,,,Home & Lifestyle->Home Supplies->Laundry,,6.99,,,,,,,HLHSL102,HLHSL102.JPG,,taxable,standard-rate
Clorox Laundry Stain Remover with Foaming Action 650ml,,,Home & Lifestyle->Home Supplies->Laundry,,3.99,,,,,,,HLHSL103,HLHSL103.JPG,,taxable,standard-rate
Oxi Clean Max Force Liqui Gel Laundry Stain Fighter & Booster 1.24L,,,Home & Lifestyle->Home Supplies->Laundry,,8.99,,,,,,,HLHSL104,HLHSL104.JPG,,taxable,standard-rate
Oxi Clean Max Force Power Crystals 4 in 1 Laundry Stain Fighter & Booster HE 907g ,,,Home & Lifestyle->Home Supplies->Laundry,,8.49,,,,,,,HLHSL105,HLHSL105.JPG,,taxable,standard-rate
Oxi Clean Max Force Power Paks Laundry Stain Fighter & Booster 18Pk,,,Home & Lifestyle->Home Supplies->Laundry,,7.99,,,,,,,HLHSL106,HLHSL106.JPG,,taxable,standard-rate
Oxi Clean Max Force Laundry Stain Remover 354ml,,,Home & Lifestyle->Home Supplies->Laundry,,6.99,,,,,,,HLHSL107,HLHSL107.JPG,,taxable,standard-rate
Oxi Clean Max Force Gel Stick Stain Remover 183ml,,,Home & Lifestyle->Home Supplies->Laundry,,6.99,,,,,,,HLHSL108,HLHSL108.JPG,,taxable,standard-rate
Oxi Clean Versatile Stain Remover 680g,,,Home & Lifestyle->Home Supplies->Laundry,,7.49,,,,,,,HLHSL109,HLHSL109.JPG,,taxable,standard-rate
Compliments Oxygenated Stain Remover HE 680g,,,Home & Lifestyle->Home Supplies->Laundry,,3.99,,,,,,,HLHSL110,HLHSL110.JPG,,taxable,standard-rate
Compliments Summer Soft Fabric Softener Sheets 120Pk,,,Home & Lifestyle->Home Supplies->Laundry,,4.99,,,,,,,HLHSL111,HLHSL111.JPG,,taxable,standard-rate
Compliments Country Fresh Fabric Softener Sheets 120Pk,,,Home & Lifestyle->Home Supplies->Laundry,,4.99,,,,,,,HLHSL112,HLHSL112.JPG,,taxable,standard-rate
Lysol Fabric Mist Blossoms & Springtime 800ml,,,Home & Lifestyle->Home Supplies->Laundry,,5.99,,,,,,,HLHSL113,HLHSL113.JPG,,taxable,standard-rate
Febreze Fabric Refresher Antibacterial 800ml,,,Home & Lifestyle->Home Supplies->Laundry,,8.99,,,,,,,HLHSL114,HLHSL114.JPG,,taxable,standard-rate
Compliments Extra Strength Fabric Refresher 950ml,,,Home & Lifestyle->Home Supplies->Laundry,,7.29,,,,,,,HLHSL115,HLHSL115.JPG,,taxable,standard-rate
Resolve Oxi-Action In-Wash Stain Remover 765g,,,Home & Lifestyle->Home Supplies->Laundry,,6.99,,,,,,,HLHSL116,HLHSL116.JPG,,taxable,standard-rate
Resolve Oxi-Action In-Wash Stain Remover Crystal White 765g,,,Home & Lifestyle->Home Supplies->Laundry,,6.99,,,,,,,HLHSL117,HLHSL117.JPG,,taxable,standard-rate
Resolve Oxi-Action Liquid In-Wash Stain Remover Crystal White 650ml,,,Home & Lifestyle->Home Supplies->Laundry,,4.99,,,,,,,HLHSL118,HLHSL118.JPG,,taxable,standard-rate
Dr.Beckmann Colour & Dirt Collector Wash Mixed Colours with Confidence 30Pk,,,Home & Lifestyle->Home Supplies->Laundry,,4.99,,,,,,,HLHSL119,HLHSL119.JPG,,taxable,standard-rate
Easy-On Speed Starch for Crisp Cotton & Linens 567g,,,Home & Lifestyle->Home Supplies->Laundry,,2.99,,,,,,,HLHSL120,HLHSL120.JPG,,taxable,standard-rate
Affresh Wahser Cleander HE 3Pk 120g,,,Home & Lifestyle->Home Supplies->Laundry,,9.99,,,,,,,HLHSL121,HLHSL121.JPG,,taxable,standard-rate
Clorox Bleach Free Stain Fighter & Colour Booster Original HE 975ml,,,Home & Lifestyle->Home Supplies->Laundry,,8.99,,,,,,,HLHSL122,HLHSL122.JPG,,taxable,standard-rate
Clorox Bleach Gel for Laundry 709ml,,,Home & Lifestyle->Home Supplies->Laundry,,2.99,,,,,,,HLHSL123,HLHSL123.JPG,,taxable,standard-rate
Clorox Disinfecting Bleach for Laundry 1.89L,,,Home & Lifestyle->Home Supplies->Laundry,,4.29,,,,,,,HLHSL124,HLHSL124.JPG,,taxable,standard-rate
Clorox Bleach Fibregard 1.89L,,,Home & Lifestyle->Home Supplies->Laundry,,3.99,,,,,,,HLHSL125,HLHSL125.JPG,,taxable,standard-rate
Clorox Splash-Less Bleach HE 1.62L,,,Home & Lifestyle->Home Supplies->Laundry,,3.99,,,,,,,HLHSL126,HLHSL126.JPG,,taxable,standard-rate
Compliments Citrus Blend Fabric Softener HE 1.6L,,,Home & Lifestyle->Home Supplies->Laundry,,4.29,,,,,,,HLHSL127,HLHSL127.JPG,,taxable,standard-rate
Clorox Bleach for Laundry 1.89L,,,Home & Lifestyle->Home Supplies->Laundry,,3.99,,,,,,,HLHSL128,HLHSL128.JPG,,taxable,standard-rate
Compliments Ultra Bleach Concentrated for Laudry 1.89L,,,Home & Lifestyle->Home Supplies->Laundry,,1.99,,,,,,,HLHSL129,HLHSL129.JPG,,taxable,standard-rate
Compliments Summer Soft Fabric Softener HE 1.6L,,,Home & Lifestyle->Home Supplies->Laundry,,4.29,,,,,,,HLHSL130,HLHSL130.JPG,,taxable,standard-rate
Borax Bleach Powder Natural Deodorizer 2Kg,,,Home & Lifestyle->Home Supplies->Laundry,,5.99,,,,,,,HLHSL131,HLHSL131.JPG,,taxable,standard-rate
Clorox Bleach for Laundry 3.57L,,,Home & Lifestyle->Home Supplies->Laundry,,5.99,,,,,,,HLHSL132,HLHSL132.JPG,,taxable,standard-rate
Compliments Ultra Bleach Concentrated for Laudry 3.6L,,,Home & Lifestyle->Home Supplies->Laundry,,2.79,,,,,,,HLHSL133,HLHSL133.JPG,,taxable,standard-rate
